INSERT INTO soldiers_quantity (Id_Soldier, Last_Name, First_Name, Date_Graduation, Birth_date, Age, Id_Quarters, Id_Army_Corps, Id_Company, Id_Service, Admission_Date) VALUES
('4', 'Quevedo', 'Horacio', '1999-04-14', '1970-02-01', '22', '1', '2', '1', '2', '2023-04-02');
('5', 'Rodriguez', 'Carlos', '2000-05-20', '1995-08-15', '26', '2', '3', '1', '1', '2023-04-02'),
('6', 'Gonzalez', 'Maria', '1998-03-12', '1990-12-05', '32', '3', '1', '2', '2', '2023-04-02'),
('7', 'Perez', 'Victor', '1996-11-25', '1987-07-18', '28', '1', '2', '3', '1', '2023-04-02'),
('8', 'Lopez', 'Laura', '1995-06-01', '1989-09-10', '31', '2', '3', '1', '2', '2023-04-02'),
('9', 'Hernandez', 'Ricardo', '1992-10-15', '1990-02-22', '31', '1', '1', '2', '1', '2023-04-02'),
('10', 'Diaz', 'Isabel', '1987-08-03', '1983-04-18', '38', '3', '2', '3', '1', '2023-04-02'),
('11', 'Sanchez', 'Juan', '1994-09-01', '1985-11-30', '36', '2', '1', '2', '2', '2023-04-02'),
('12', 'Gomez', 'Ana', '1993-02-20', '1988-03-10', '34', '1', '3', '1', '2', '2023-04-02'),
('13', 'Torres', 'Miguel', '1989-07-05', '1982-12-15', '39', '3', '2', '1', '3', '2023-04-02'),
('14', 'Castro', 'Sofia', '1997-04-10', '1992-06-28', '29', '2', '1', '3', '1', '2023-04-02'),
('15', 'Vega', 'Felipe', '1991-01-18', '1984-09-03', '37', '1', '2', '2', '2', '2023-04-02'),
('16', 'Mendoza', 'Gabriela', '1990-12-12', '1983-03-22', '38', '3', '3', '1', '3', '2023-04-02'),
('17', 'Ruiz', 'Daniel', '1988-04-05', '1980-08-10', '41', '2', '1', '2', '1', '2023-04-02'),
('18', 'Guerrero', 'Camila', '1985-03-30', '1978-11-25', '43', '1', '2', '1', '3', '2023-04-02'),
('19', 'Orozco', 'Jorge', '1996-06-28', '1991-10-01', '30', '3', '3', '2', '1', '2023-04-02'),
('20', 'Contreras', 'Valeria', '1993-11-22', '1985-04-15', '36', '2', '1', '3', '2', '2023-04-02'),
('21', 'Vargas', 'Diego', '1990-09-03', '1982-01-08', '40', '1', '2', '2', '1', '2023-04-02'),
('22', 'Herrera', 'Natalia', '1992-07-15', '1986-06-23', '35', '3', '1', '2', '2', '2023-04-02'),
('23', 'Cruz', 'Alejandro', '1986-05-18', '1981-03-05', '41', '2', '2', '1', '3', '2023-04-02'),
('24', 'Navarro', 'Eva', '1999-02-10', '1994-04-20', '28', '1', '3', '2', '1', '2023-04-02'),
('25', 'Jimenez', 'Adrian', '1994-12-25', '1989-07-10', '32', '3', '1', '3', '2', '2023-04-02'),
('26', 'Rojas', 'Monica', '1988-07-18', '1981-05-30', '40', '2', '2', '1', '1', '2023-04-02'),
('27', 'Soto', 'Raul', '1993-06-10', '1987-02-15', '35', '1', '3', '2', '2', '2023-04-02'),
('28', 'Ortiz', 'Ana Maria', '1995-03-22', '1990-08-28', '31', '2', '2', '3', '2', '2023-04-02'),
('29', 'Molina', 'David', '1991-10-05', '1984-01-02', '38', '3', '1', '1', '1', '2023-04-02'),
('30', 'Cortes', 'Laura Sofia', '1999-09-15', '1994-04-15', '27', '2', '1', '2', '2', '2023-04-02'),
('31', 'Silva', 'Fernando', '1998-07-22', '1992-12-30', '29', '3', '2', '1', '3', '2023-04-02'),
('32', 'Torres', 'Alejandra', '1997-05-08', '1989-10-18', '32', '1', '3', '2', '2', '2023-04-02'),
('33', 'Nunez', 'Jose', '1992-12-01', '1987-03-05', '35', '2', '1', '2', '1', '2023-04-02'),
('34', 'Santos', 'Catalina', '1990-04-18', '1983-07-20', '38', '3', '2', '3', '1', '2023-04-02'),
('35', 'Castillo', 'Hector', '1986-02-15', '1980-11-12', '41', '1', '1', '1', '2', '2023-04-02'),
('36', 'Salazar', 'Daniela', '1995-01-08', '1989-06-10', '33', '2', '3', '2', '2', '2023-04-02'),
('37', 'Arias', 'Jorge', '1993-04-25', '1986-09-05', '35', '3', '2', '3', '1', '2023-04-02'),
('38', 'Florez', 'Elena', '1991-03-30', '1984-12-18', '37', '1', '1', '2', '3', '2023-04-02'),
('39', 'Pineda', 'Mauricio', '1996-01-15', '1991-08-08', '30', '2', '3', '1', '2', '2023-04-02'),
('40', 'Duarte', 'Carmen', '1990-10-28', '1983-05-17', '38', '1', '2', '2', '1', '2023-04-02');
('41', 'Vasquez', 'Fernanda', '1997-08-02', '1992-01-15', '29', '3', '1', '2', '1', '2023-04-02'),
('42', 'Mejia', 'Mateo', '1994-04-18', '1988-07-28', '33', '2', '2', '3', '2', '2023-04-02'),
('43', 'Bedoya', 'Sara', '1991-03-30', '1986-10-10', '35', '1', '3', '1', '1', '2023-04-02'),
('44', 'Gomez', 'Raul', '1989-01-18', '1982-04-23', '39', '3', '1', '2', '2', '2023-04-02'),
('45', 'Sanchez', 'Liliana', '1996-10-15', '1990-02-07', '31', '2', '3', '2', '1', '2023-04-02'),
('46', 'Diaz', 'Nicolas', '1993-07-01', '1984-12-20', '37', '1', '2', '1', '2', '2023-04-02'),
('47', 'Torres', 'Valentina', '1988-05-28', '1979-09-03', '43', '3', '3', '2', '2', '2023-04-02'),
('48', 'Nunez', 'Alejandro', '1990-12-22', '1985-03-15', '37', '2', '1', '3', '1', '2023-04-02'),
('49', 'Santos', 'Carolina', '1987-11-05', '1982-06-28', '40', '1', '2', '2', '1', '2023-04-02'),
('50', 'Castillo', 'Hugo', '1995-09-28', '1991-12-10', '31', '3', '1', '3', '2', '2023-04-02'),
('51', 'Salazar', 'Isabella', '1992-08-15', '1988-11-25', '33', '2', '2', '1', '3', '2023-04-02'),
('52', 'Arias', 'Roberto', '1986-06-10', '1980-03-08', '41', '1', '3', '2', '2', '2023-04-02'),
('53', 'Florez', 'Gabriela', '1989-04-05', '1984-07-18', '38', '3', '2', '3', '1', '2023-04-02'),
('54', 'Pineda', 'Ricardo', '1997-03-22', '1992-06-30', '29', '2', '1', '2', '1', '2023-04-02'),
('55', 'Duarte', 'Mariana', '1990-02-15', '1985-08-15', '36', '1', '3', '1', '2', '2023-04-02'),
('56', 'Giraldo', 'Javier', '1992-01-08', '1986-04-28', '35', '3', '2', '2', '2', '2023-04-02'),
('57', 'Mejia', 'Lucia', '1988-12-01', '1983-09-10', '38', '2', '1', '3', '1', '2023-04-02'),
('58', 'Bedoya', 'Andres', '1995-10-18', '1990-01-25', '31', '1', '2', '1', '3', '2023-04-02'),
('59', 'Gomez', 'Paola', '1991-09-05', '1986-04-08', '35', '3', '3', '2', '1', '2023-04-02'),
('60', 'Sanchez', 'Mateo', '1998-04-20', '1993-07-22', '28', '2', '1', '3', '2', '2023-04-02'),
('61', 'Diaz', 'Catalina', '1996-01-10', '1989-12-05', '32', '1', '3', '1', '2', '2023-04-02'),
('62', 'Torres', 'Raul', '1987-11-28', '1982-02-28', '40', '2', '2', '2', '1', '2023-04-02'),
('63', 'Nunez', 'Laura', '1994-09-15', '1989-03-15', '27', '3', '1', '2', '2', '2023-04-02'),
('64', 'Santos', 'Juan', '1993-07-10', '1988-05-30', '33', '1', '2', '3', '1', '2023-04-02'),
('65', 'Castillo', 'Sofia', '1986-04-25', '1980-10-12', '41', '2', '3', '1', '3', '2023-04-02'),
('66', 'Salazar', 'Felipe', '1990-03-30', '1985-06-10', '36', '3', '1', '2', '2', '2023-04-02'),
('67', 'Arias', 'Elena', '1995-02-12', '1990-07-25', '32', '1', '2', '3', '2', '2023-04-02'),
('68', 'Florez', 'David', '1989-12-05', '1984-10-28', '38', '2', '3', '2', '1', '2023-04-02'),
('69', 'Pineda', 'Valentina', '1998-11-20', '1993-03-12', '28', '1', '1', '3', '2', '2023-04-02'),
('70', 'Duarte', 'Luis', '1996-10-15', '1988-08-05', '33', '3', '2', '1', '3', '2023-04-02'),
('71', 'Giraldo', 'Ana', '1987-09-28', '1982-12-20', '40', '2', '3', '2', '2', '2023-04-02'),
('72', 'Mejia', 'Carlos', '1993-07-22', '1988-02-10', '35', '1', '1', '3', '1', '2023-04-02'),
('73', 'Bedoya', 'Maria', '1986-06-05', '1980-11-25', '41', '3', '2', '1', '2', '2023-04-02'),
('74', 'Gomez', 'Javier', '1992-05-28', '1987-03-10', '29', '2', '3', '2', '1', '2023-04-02'),
('75', 'Sanchez', 'Isabel', '1988-04-15', '1982-09-28', '33', '1', '1', '3', '2', '2023-04-02'),
('76', 'Diaz', 'Laura', '1995-02-08', '1990-06-20', '27', '3', '2', '1', '3', '2023-04-02'),
('77', 'Torres', 'Sergio', '1990-12-20', '1985-04-05', '32', '2', '3', '2', '2', '2023-04-02'),
('78', 'Nunez', 'Natalia', '1998-10-15', '1993-01-18', '28', '1', '1', '3', '1', '2023-04-02'),
('79', 'Santos', 'Gabriel', '1996-09-08', '1991-03-02', '30', '3', '2', '1', '2', '2023-04-02'),
('80', 'Castillo', 'Valeria', '1992-08-01', '1987-07-15', '34', '2', '3', '2', '1', '2023-04-02'),
('81', 'Salazar', 'Eduardo', '1986-06-25', '1981-10-08', '42', '1', '1', '3', '2', '2023-04-02'),
('82', 'Arias', 'Carolina', '1989-05-18', '1984-08-30', '37', '3', '2', '1', '3', '2023-04-02'),
('83', 'Florez', 'Andres', '1997-04-10', '1992-07-12', '29', '2', '3', '2', '2', '2023-04-02'),
('84', 'Pineda', 'Daniela', '1990-03-05', '1984-11-25', '36', '1', '1', '3', '1', '2023-04-02'),
('85', 'Duarte', 'Jose', '1992-12-18', '1987-04-08', '29', '3', '2', '1', '2', '2023-04-02'),
('86', 'Giraldo', 'Mariana', '1988-11-10', '1983-02-01', '34', '2', '3', '2', '1', '2023-04-02'),
('87', 'Mejia', 'Felipe', '1995-09-02', '1990-12-15', '26', '1', '1', '3', '2', '2023-04-02'),
('88', 'Bedoya', 'Laura', '1993-07-22', '1987-02-05', '28', '3', '2', '1', '3', '2023-04-02'),
('89', 'Gomez', 'Ricardo', '1986-06-15', '1981-09-18', '42', '2', '3', '2', '2', '2023-04-02'),
('90', 'Sanchez', 'Valentina', '1989-05-08', '1984-11-30', '37', '1', '1', '3', '1', '2023-04-02'),
('91', 'Diaz', 'Carlos', '1996-04-01', '1991-05-15', '31', '3', '2', '1', '2', '2023-04-02'),
('92', 'Torres', 'Isabella', '1992-02-15', '1987-07-28', '29', '2', '3', '2', '1', '2023-04-02'),
('93', 'Nunez', 'Andres', '1987-12-10', '1982-03-25', '41', '1', '1', '3', '2', '2023-04-02'),
('94', 'Santos', 'Camila', '1990-10-28', '1985-05-08', '36', '3', '2', '1', '3', '2023-04-02'),
('95', 'Castillo', 'Javier', '1995-09-20', '1990-12-02', '26', '2', '3', '2', '2', '2023-04-02'),
('96', 'Salazar', 'Ana', '1993-07-15', '1988-02-18', '33', '1', '1', '3', '1', '2023-04-02'),
('97', 'Arias', 'Mariana', '1986-06-03', '1981-09-28', '42', '3', '2', '1', '2', '2023-04-02'),
('98', 'Florez', 'Felipe', '1989-04-18', '1984-08-03', '37', '2', '3', '2', '1', '2023-04-02'),
('99', 'Pineda', 'Laura', '1997-03-30', '1992-06-10', '29', '1', '1', '3', '2', '2023-04-02'),
('100', 'Duarte', 'Ricardo', '1994-02-15', '1988-05-25', '33', '3', '2', '1', '3', '2023-04-02');

INSERT INTO soldiers_quantity (Id_Soldier, Last_Name, First_Name, Date_Graduation, Birth_date, Age, Id_Quarters, Id_Army_Corps, Id_Company, Id_Service, Admission_Date) VALUES 
('101', 'Gonzalez', 'Maria', '1990-07-20', '1985-12-10', '36', '5', '1', '2', '2', '2023-05-12'),
('102', 'Martinez', 'Carlos', '1985-04-18', '1980-09-03', '41', '1', '3', '1', '1', '2023-06-08'),
('103', 'Lopez', 'Ana', '1992-11-05', '1987-08-15', '34', '2', '2', '2', '3', '2023-07-23'),
('104', 'Ramirez', 'Alejandro', '1988-09-30', '1983-03-22', '38', '3', '1', '3', '2', '2023-09-01'),
('105', 'Hernandez', 'Laura', '1995-01-12', '1990-06-28', '31', '1', '3', '1', '1', '2023-10-15'),
('106', 'Garcia', 'Javier', '1980-12-08', '1975-07-19', '45', '2', '2', '2', '3', '2023-11-30'),
('107', 'Perez', 'Isabel', '1983-06-25', '1978-02-14', '42', '3', '1', '3', '2', '2024-01-09'),
('108', 'Rodriguez', 'Francisco', '1998-03-17', '1993-08-02', '29', '1', '3', '1', '1', '2024-02-14'),
('109', 'Martinez', 'Elena', '1987-08-02', '1982-01-11', '35', '2', '2', '2', '3', '2024-03-25'),
('110', 'Gutierrez', 'Victor', '1993-05-22', '1988-10-07', '30', '3', '1', '3', '2', '2024-05-03'),
('111', 'Sanchez', 'Marta', '1981-10-11', '1976-04-03', '43', '1', '3', '1', '1', '2024-06-18'),
('112', 'Flores', 'Roberto', '1996-07-03', '1991-12-18', '28', '2', '2', '2', '3', '2024-07-28'),
('113', 'Diaz', 'Carmen', '1984-04-29', '1979-09-14', '39', '3', '1', '3', '2', '2024-09-05'),
('114', 'Romero', 'Daniel', '1989-01-15', '1984-06-29', '33', '1', '3', '1', '1', '2024-10-20'),
('115', 'Alvarez', 'Sofia', '1994-08-18', '1989-02-01', '27', '2', '2', '2', '3', '2024-11-30'),
('116', 'Gomez', 'Jose', '1986-12-01', '1981-05-17', '37', '3', '1', '3', '2', '2025-01-14'),
('117', 'Molina', 'Patricia', '1990-03-28', '1985-09-10', '32', '1', '3', '1', '1', '2025-02-28'),
('118', 'Ortega', 'Raul', '1985-09-14', '1980-02-25', '41', '2', '2', '2', '3', '2025-04-15'),
('119', 'Serrano', 'Monica', '1992-06-08', '1987-11-03', '29', '3', '1', '3', '2', '2025-05-30'),
('120', 'Iglesias', 'Juan', '1988-01-25', '1983-07-11', '34', '1', '3', '1', '1', '2025-07-11'),
('121', 'Vargas', 'Lucia', '1995-10-19', '1990-04-02', '26', '2', '2', '2', '3', '2025-08-26'),
('122', 'Reyes', 'Manuel', '1980-11-02', '1975-04-15', '44', '3', '1', '3', '2', '2025-10-10'),
('123', 'Cruz', 'Silvia', '1997-07-15', '1992-12-30', '28', '1', '3', '1', '1', '2025-11-25'),
('124', 'Fernandez', 'Pedro', '1982-04-03', '1977-08-18', '39', '2', '2', '2', '3', '2026-01-09'),
('125', 'Navarro', 'Eva', '1989-12-28', '1984-06-12', '32', '3', '1', '3', '2', '2026-02-24'),
('126', 'Rivas', 'Adrian', '1994-05-16', '1989-10-07', '27', '1', '3', '1', '1', '2026-04-10'),
('127', 'Castro', 'Beatriz', '1981-02-11', '1976-07-26', '45', '2', '2', '2', '3', '2026-05-25'),
('128', 'Herrera', 'Alberto', '1990-09-03', '1985-01-18', '35', '3', '1', '3', '2', '2026-07-06'),
('129', 'Guerrero', 'Natalia', '1986-06-28', '1981-12-14', '40', '1', '3', '1', '1', '2026-08-21'),
('130', 'Torres', 'Ignacio', '1993-03-22', '1988-08-06', '29', '2', '2', '2', '3', '2026-10-02'),
('131', 'Aguilar', 'Rosa', '1983-12-18', '1978-05-11', '42', '3', '1', '3', '2', '2026-11-16'),
('132', 'Luna', 'Gabriel', '1998-08-12', '1993-01-26', '26', '1', '3', '1', '1', '2027-01-31'),
('133', 'Mendez', 'Elena', '1984-05-07', '1979-10-01', '37', '2', '2', '2', '3', '2027-03-16'),
('134', 'Fuentes', 'Javier', '1989-01-30', '1984-07-15', '33', '3', '1', '3', '2', '2027-04-30'),
('135', 'Rojas', 'Ana', '1994-10-25', '1989-04-10', '28', '1', '3', '1', '1', '2027-06-14'),
('136', 'Gimenez', 'Carlos', '1981-07-19', '1976-12-04', '42', '2', '2', '2', '3', '2027-07-29'),
('137', 'Silva', 'Marta', '1996-04-12', '1991-08-27', '31', '3', '1', '3', '2', '2027-09-13'),
('138', 'Vega', 'Luis', '1987-11-06', '1982-04-01', '34', '1', '3', '1', '1', '2027-10-28'),
('139', 'Morales', 'Cristina', '1992-08-30', '1987-01-15', '29', '2', '2', '2', '3', '2027-12-09'),
('140', 'Santos', 'Pablo', '1988-05-23', '1983-10-07', '33', '3', '1', '3', '2', '2028-01-23'),
('141', 'Ortiz', 'Laura', '1982-02-17', '1977-07-02', '46', '1', '3', '1', '1', '2028-03-09'),
('142', 'Marin', 'Roberto', '1997-09-10', '1992-01-25', '25', '2', '2', '2', '3', '2028-04-24'),
('143', 'Castillo', 'Sofia', '1985-04-05', '1980-08-19', '37', '3', '1', '3', '2', '2028-06-08'),
('144', 'Gonzalez', 'Diego', '1990-12-29', '1985-06-22', '31', '1', '3', '1', '1', '2028-07-23'),
('145', 'Molina', 'Carmen', '1983-07-24', '1978-12-15', '43', '2', '2', '2', '3', '2028-09-06'),
('146', 'Guerrero', 'Francisco', '1998-04-17', '1993-09-01', '28', '3', '1', '3', '2', '2028-10-21'),
('147', 'Rivas', 'Isabel', '1980-01-10', '1975-04-25', '42', '1', '3', '1', '1', '2028-12-04'),
('148', 'Cruz', 'Jorge', '1995-08-04', '1990-01-17', '26', '2', '2', '2', '3', '2029-01-18'),
('149', 'Diaz', 'Ana', '1986-03-28', '1981-08-10', '40', '3', '1', '3', '2', '2029-03-05'),
('150', 'Torres', 'Manuel', '1993-10-22', '1988-05-06', '29', '1', '3', '1', '1', '2029-04-20'),
('151', 'Sanchez', 'Sara', '1982-05-15', '1977-10-30', '46', '2', '2', '2', '3', '2029-06-04'),
('152', 'Gomez', 'Juan', '1997-02-09', '1992-07-25', '25', '3', '1', '3', '2', '2029-07-19'),
('153', 'Fernandez', 'Elena', '1984-09-03', '1979-01-16', '37', '1', '3', '1', '1', '2029-09-02'),
('154', 'Perez', 'David', '1989-05-28', '1984-11-20', '32', '2', '2', '2', '3', '2029-10-17'),
('155', 'Romero', 'Isabel', '1994-01-21', '1989-06-13', '28', '3', '1', '3', '2', '2029-11-30'),
('156', 'Martinez', 'Miguel', '1981-08-15', '1976-01-06', '45', '1', '3', '1', '1', '2030-01-14'),
('157', 'Lopez', 'Natalia', '1996-05-08', '1991-09-30', '31', '2', '2', '2', '3', '2030-02-28'),
('158', 'Hernandez', 'Carlos', '1987-01-31', '1982-06-25', '35', '3', '1', '3', '2', '2030-04-14'),
('159', 'Diaz', 'Cristina', '1992-10-25', '1987-03-20', '29', '1', '3', '1', '1', '2030-05-29'),
('160', 'Gutierrez', 'Luis', '1988-07-19', '1983-12-13', '33', '2', '2', '2', '3', '2030-07-12'),
('161', 'Sanchez', 'Ana', '1995-04-12', '1990-08-07', '26', '3', '1', '3', '2', '2030-08-27'),
('162', 'Garcia', 'Jorge', '1982-11-06', '1977-04-01', '41', '1', '3', '1', '1', '2030-10-10'),
(163, 'Rogers', 'Steve', '1994-01-01', '1962-01-02', 34, 24, 2, 11, 1, '1996-02-02'),
(164, 'Stark', 'Tony', '1995-02-15', '1970-05-29', 30, 25, 3, 12, 2, '1997-03-10'),
(165, 'Banner', 'Bruce', '1996-04-22', '1965-12-18', 41, 26, 1, 13, 3, '1998-05-18'),
(166, 'Romanoff', 'Natasha', '1997-06-07', '1980-11-22', 31, 27, 4, 14, 1, '1999-07-15'),
(167, 'Barton', 'Clint', '1998-08-12', '1975-01-07', 47, 28, 2, 15, 2, '2000-09-20'),
(168, 'Odinson', 'Thor', '1999-10-18', '1985-08-11', 36, 29, 3, 16, 3, '2001-11-25'),
(169, 'Danvers', 'Carol', '2000-12-25', '1989-03-14', 32, 30, 1, 17, 1, '2003-01-30'),
(170, 'Rhodes', 'James', '2002-02-03', '1978-09-08', 43, 31, 4, 18, 2, '2004-03-05'),
(171, 'Strange', 'Stephen', '2003-04-10', '1980-06-04', 42, 32, 2, 19, 3, '2005-05-10'),
(172, 'Pym', 'Hank', '2004-06-15', '1972-12-20', 49, 33, 3, 20, 1, '2006-07-15'),
(173, 'Van Dyne', 'Hope', '2005-08-22', '1983-05-29', 32, 14, 1, 21, 2, '2007-09-20'),
(174, 'Wilson', 'Sam', '2006-10-27', '1976-08-19', 45, 31, 4, 22, 3, '2008-11-25'),
(175, 'Bucky', 'James', '2007-12-31', '1987-03-10', 35, 26, 2, 23, 1, '2009-02-28'),
(176, 'Mackie', 'Anthony', '2009-03-05', '1974-06-15', 48, 27, 3, 24, 2, '2010-04-10'),
(177, 'Wanda', 'Maximoff', '2010-05-10', '1989-10-30', 32, 28, 1, 25, 3, '2011-06-15'),
(178, 'Vision', '', '2011-07-15', '1995-02-12', 27, 33, 4, 26, 1, '2012-09-20'),
(179, 'Panther', 'TChalla', '2012-09-20', '1978-11-29', 43, 10, 2, 27, 2, '2013-11-25'),
(180, 'Okoye', '', '2013-11-25', '1986-04-03', 37, 31, 3, 28, 3, '2014-01-30'),
(181, 'Vision', 'Wanda', '2014-01-30', '1989-10-30', 32, 12, 1, 29, 1, '2015-04-05'),
(182, 'Scott', 'Lang', '2015-04-05', '1979-12-31', 42, 13, 4, 30, 2, '2016-05-10'),
(183, 'Hope', 'Van Dyne', '2016-05-10', '1983-05-29', 38, 14, 2, 31, 3, '2017-07-15'),
(184, 'Peter', 'Parker', '2017-07-15', '1995-02-12', 26, 15, 3, 32, 1, '2018-09-20');
(185, 'Smith', 'Trevor', '2017-07-15', '1991-02-12', 36, 15, 5, 32, 10, '2018-09-20');
(186, 'Johnson', 'Natalie', '2018-09-20', '1992-05-05', 29, 14, 4, 31, 9, '2019-11-25'),
(187, 'Williams', 'Lucas', '2019-11-25', '1988-10-18', 33, 13, 3, 30, 8, '2020-02-28'),
(188, 'Brown', 'Isabel', '2020-02-28', '1993-03-21', 28, 12, 2, 29, 7, '2021-04-05'),
(189, 'Jones', 'Gabriel', '2021-04-05', '1987-08-08', 34, 11, 1, 28, 6, '2022-05-10'),
(190, 'Miller', 'Lily', '2022-05-10', '1994-12-15', 27, 10, 5, 27, 5, '2023-07-15'),
(191, 'Davis', 'Mason', '2023-07-15', '1989-04-28', 33, 9, 4, 26, 4, '2024-09-20'),
(192, 'Garcia', 'Sophia', '2024-09-20', '1995-09-01', 26, 8, 3, 25, 3, '2025-11-25'),
(193, 'Rodriguez', 'Logan', '2025-11-25', '1990-01-14', 32, 7, 2, 24, 2, '2026-02-28'),
(194, 'Martinez', 'Hannah', '2026-02-28', '1996-06-27', 25, 6, 1, 23, 1, '2027-04-05'),
(195, 'Hernandez', 'Ethan', '2027-04-05', '1991-11-09', 30, 5, 5, 22, 10, '2028-05-10'),
(196, 'Lopez', 'Ava', '2028-05-10', '1997-04-22', 24, 4, 4, 21, 9, '2029-07-15'),
(197, 'Gonzalez', 'Jackson', '2029-07-15', '1992-09-04', 29, 3, 3, 20, 8, '2030-09-20'),
(198, 'Wilson', 'Emma', '2030-09-20', '1998-01-17', 23, 2, 2, 19, 7, '2031-11-25'),
(199, 'Anderson', 'Oliver', '2031-11-25', '1993-06-30', 28, 1, 1, 18, 6, '2032-02-28'),
(200, 'Taylor', 'Ella', '2032-02-28', '1999-12-12', 23, 15, 5, 17, 5, '2033-04-05'),
(201, 'Moore', 'Nathan', '2033-04-05', '1994-04-25', 29, 14, 4, 16, 4, '2034-05-10'),
(202, 'Thomas', 'Grace', '2034-05-10', '2000-09-07', 22, 13, 3, 15, 3, '2035-07-15'),
(203, 'Jackson', 'Caleb', '2035-07-15', '1995-01-20', 27, 12, 2, 14, 2, '2036-09-20'),
(204, 'White', 'Avery', '2036-09-20', '2001-06-02', 21, 11, 1, 13, 1, '2037-11-25'),
(205, 'Harris', 'Aiden', '2037-11-25', '1996-10-15', 26, 10, 5, 12, 10, '2038-02-28'),
(206, 'Clark', 'Chloe', '2038-02-28', '2002-03-28', 20, 9, 4, 11, 9, '2039-04-05'),
(207, 'Lewis', 'Evan', '2039-04-05', '1997-08-10', 25, 8, 3, 10, 8, '2040-05-10'),
(208, 'Young', 'Madison', '2040-05-10', '2003-01-22', 19, 7, 2, 9, 7, '2041-07-15'),
(209, 'Wright', 'Miles', '2041-07-15', '1998-06-05', 24, 6, 1, 8, 6, '2042-09-20'),
(210, 'King', 'Scarlett', '2042-09-20', '2004-10-18', 18, 5, 5, 7, 11, '2043-11-25'),
(211, 'Ward', 'Lincoln', '2043-11-25', '1999-03-02', 23, 4, 4, 6, 4, '2044-02-28'),
(212, 'Rivera', 'Zoe', '2044-02-28', '2005-07-15', 17, 3, 3, 5, 3, '2045-04-05'),
(213, 'Cooper', 'Leo', '2045-04-05', '2000-12-28', 22, 2, 2, 4, 2, '2046-05-10'),
(214, 'Hayes', 'Skylar', '2046-05-10', '2006-05-11', 16, 1, 1, 3, 1, '2047-07-15');

INSERT INTO quarters (Id_Quarters, Name_Quarter, Location, Id_Company) VALUES
  (4, "Cuartel R", "Ubicacion A", 1);
  (6, 'Cuartel Ethereum', 'Ubicacion B', 3),
  (7, 'Cuartel Ursula', 'Ubicacion C', 1),
  (8, 'Cuartel Valk', 'Ubicacion D', 2),
  (9, 'Cuartel W.D.', 'Ubicacion E', 3),
  (10, 'Cuartel S.T.A,', 'Ubicacion F', 1),
  (11, 'Cuartel Epsilon', 'Ubicacion G', 2),
  (12, 'Cuartel Psi', 'Ubicacion A', 3),
  (13, 'Cuartel AA', 'Ubicacion B', 1),
  (14, 'Cuartel Omicron', 'Ubicacion C', 2),
  (15, 'Cuartel Aqua', 'Ubicacion D', 3),
  (16, 'Cuartel Try', 'Ubicacion E', 1),
  (17, 'Cuartel Zeta', 'Ubicacion F', 2),
  (18, 'Cuartel Sigma', 'Ubicacion G', 3),
  (19, 'Cuartel Mu', 'Ubicacion A', 1),
  (20, 'Cuartel Xi', 'Ubicacion B', 2),
  (21, 'Cuartel II', 'Ubicacion C', 3),
  (22, 'Cuartel SVG', 'Ubicacion D', 1),
  (23, 'Cuartel Oc', 'Ubicacion E', 2),
  (24, 'Cuartel Tau', 'Ubicacion F', 3),
  (25, 'Cuartel Kappa', 'Ubicacion G', 1),
  (26, 'Cuartel Lambda', 'Ubicacion A', 2),
  (27, 'Cuartel O.O', 'Ubicacion B', 3),
  (28, 'Cuartel P201', 'Ubicacion C', 1),
  (29, 'Cuartel P202', 'Ubicacion D', 2),
  (30, 'Cuartel P203', 'Ubicacion E', 3),
  (31, 'Cuartel P204', 'Ubicacion F', 1),
  (32, 'Cuartel P205', 'Ubicacion G', 2),
  (33, 'Cuartel P206', 'Ubicacion A', 3),
  (34, 'Cuartel ST', 'Ubicacion B', 1);

  INSERT INTO army_corps (Id_Army_Corps, Type_Corps, Create_Date, Location_Central) VALUES
 (4, "Asalto", "1955-01-20", "Central A"),
 (5, 'Fuerzas Especiales', '1985-03-12', 'Central B'),
  (6, 'Granaderia', '1982-07-05', 'Central C'),
  (7, 'Marina', '1988-09-22', 'Central D'),
  (8, 'Montada', '1986-12-01', 'Central E'),
  (9, 'Montura', '1981-04-14', 'Central F'),
  (10, 'Unidad de Inteligencia', '1984-08-28', 'Central G'),
  (11, 'Comando de Operaciones Especiales', '1987-10-10', 'Central H'),
  (12, 'Batallon Medico', '1983-01-25', 'Central I'),
  (13, 'Unidad de Control Aereo', '1989-06-18', 'Central J'),
  (14, 'Unidad de Atencion Sanitaria', '1980-11-03', 'Central K'),
  (15, 'Enlace Internacional', '1986-02-17', 'Central L'),
  (16, 'Enlace Fuerza Aerea', '1984-04-29', 'Central M'),
  (17, 'Batallon de Comunicaciones', '1982-08-14', 'Central N'),
  (18, 'Ingenieria', '1987-03-08', 'Central O'),
  (19, 'Seccion de Contrainteligencia', '1981-12-22', 'Central P'),
  (20, 'Arquitectura', '1988-05-15', 'Central Q'),
  (21, 'Seccion Apoyo', '1983-09-30', 'Central R'),
  (22, 'Refuerzo', '1985-06-23', 'Central S'),
  (23, 'Unidad de Asalto', '1989-01-08', 'Central T'),
  (24, 'S.O.S', '1980-04-03', 'Central U');

INSERT INTO sub_company (Id_Sub_Company, Id_Quarters, Id_Army_Corps, Location) VALUES
(4, 5, 6, "Ubicacion L"),
(5, 15, 18, 'Ubicacion M'),
(6, 22, 10, 'Ubicacion P'),
(7, 8, 5, 'Ubicacion K'),
(8, 30, 12, 'Ubicacion Q'),
(9, 5, 24, 'Ubicacion F'),
(10, 17, 21, 'Ubicacion U'),
(11, 12, 4, 'Ubicacion H'),
(12, 28, 16, 'Ubicacion A'),
(13, 3, 9, 'Ubicacion L'),
(14, 20, 23, 'Ubicacion C');

INSERT INTO Company (Id_Company, Id_Sub_Company, Name_Central_Company, Activity) VALUES
(4, 10, "Compañia Guerreros", "Activity 4"),
(5, 3, 'Compañia Leones', 'Ubicacion A'),
  (6, 8, 'Compañia Águilas', 'Ubicacion G'),
  (7, 5, 'Compañia Lobos', 'Ubicacion C'),
  (8, 12, 'Compañia Panteras', 'Ubicacion T'),
  (9, 2, 'Compañia Halcones', 'Ubicacion P'),
  (10, 10, 'Compañia Tigres', 'Ubicacion K'),
  (11, 7, 'Compañia Dragones', 'Ubicacion M'),
  (12, 1, 'Compañia Fénix', 'Ubicacion F'),
  (13, 11, 'Compañia Centauros', 'Ubicacion D'),
  (14, 4, 'Compañia Cóndores', 'Ubicacion Q'),
  (15, 9, 'Compañia Jabalíes', 'Ubicacion H'),
  (16, 6, 'Compañia Pegasos', 'Ubicacion R'),
  (17, 12, 'Compañia Grifos', 'Ubicacion U'),
  (18, 3, 'Compañia Unicornios', 'Ubicacion N'),
  (19, 1, 'Compañia Gorgonas', 'Ubicacion B'),
  (20, 7, 'Compañia Minotauros', 'Ubicacion J'),
  (21, 11, 'Compañia Quimeras', 'Ubicacion L'),
  (22, 9, 'Compañia Ciclones', 'Ubicacion S'),
  (23, 5, 'Compañia Truenos', 'Ubicacion A'),
  (24, 8, 'Compañia Relámpagos 1', 'Ubicacion V'),
  (25, 2, 'Compañia Tormentas Furiosas', 'Ubicacion I'),
  (26, 10, 'Compañia Huracanes', 'Ubicacion E'),
  (27, 4, 'Compañia Vendavales', 'Ubicacion O'),
  (28, 12, 'Compañia Jinetes', 'Ubicacion W'),
  (29, 6, 'Compañia Tornados', 'Ubicacion X'),
  (30, 1, 'Compañia Apocalipsis', 'Ubicacion Y'),
  (31, 8, 'Compañia Rinocerontes', 'Ubicacion Z'),
  (32, 3, 'Compañia Avalanchas', 'Ubicacion AA'),
  (33, 11, 'Compañia Ciclones', 'Ubicacion BB'),
  (34, 5, 'Compañia Tsunamis', 'Ubicacion CC'),
  (35, 9, 'Compañia Huracanes', 'Ubicacion DD'),
  (36, 4, 'Compañia Sismos del Nuevo Mundo', 'Ubicacion EE'),
  (37, 10, 'Compañia Leones Griegos', 'Ubicacion FF'),
  (38, 2, 'Compañia Vieja Roma', 'Ubicacion GG'),
  (39, 7, 'Compañia Asgardianos', 'Ubicacion HH'),
  (40, 1, 'Compañia Relámpagos 2', 'Ubicacion II');

INSERT INTO state (ID_STATE, Id_Soldier, STATUS)
VALUES 
  ('1', '1', 'Reserve'),
  ('2', '2', 'Asset'),
  ('3', '3', 'Asset'),
  ('4', '4', 'Asset'),
  ('5', '5', 'Asset'),
  ('6', '6', 'Asset'),
  ('7', '7', 'Asset'),
  ('8', '8', 'Asset'),
  ('9', '9', 'No active'),
  ('10', '10', 'Asset'),
  ('11', '11', 'Asset'),
  ('12', '12', 'Asset'),
  ('13', '12', 'Asset');


INSERT INTO missions (IdMission, Location, Mission_Date, Status, Id_Soldier) VALUES
(1, "Norteamerica", "1991-01-23", "Falled", 3),
(2, "Africa", "1995-02-22", "Success", 65),
(6, "North America", "2002-08-18", "Failed", 45),
(7, "Europe", "1997-04-02", "Success", 112),
(8, "Asia", "2010-11-09", "InProgress", 78),
(9, "Africa", "2005-06-25", "Failed", 33),
(10, "South America", "2015-09-14", "Success", 150),
(11, "North America", "2008-03-31", "InProgress", 92),
(12, "Europe", "1999-12-07", "Failed", 17),
(13, "Asia", "2013-05-20", "Success", 201),
(14, "Africa", "2006-10-11", "InProgress", 124),
(15, "South America", "2018-02-28", "Failed", 63),
(16, "North America", "2003-11-05", "Success", 89),
(17, "Europe", "1998-07-19", "InProgress", 47),
(18, "Asia", "2011-12-03", "Failed", 178),
(19, "Africa", "2007-04-30", "Success", 56),
(20, "South America", "2016-08-22", "InProgress", 135),
(21, "North America", "2009-01-15", "Failed", 104),
(22, "Europe", "2000-06-28", "Success", 75),
(23, "Asia", "2014-09-11", "InProgress", 193),
(24, "Africa", "2008-12-17", "Failed", 22),
(25, "South America", "2019-03-05", "Success", 198),
(26, "North America", "2004-05-09", "InProgress", 117),
(27, "Europe", "1999-09-23", "Failed", 81),
(28, "Asia", "2012-02-14", "Success", 160),
(29, "Africa", "2006-07-08", "InProgress", 42),
(30, "South America", "2017-10-01", "Failed", 99),
(31, "North America", "2010-04-13", "Success", 64),
(32, "Europe", "2001-11-26", "InProgress", 123),
(33, "Asia", "2015-06-19", "Failed", 37),                      
(34, "Africa", "2009-09-02", "Success", 145),
(35, "South America", "2020-11-10", "InProgress", 187),
(36, "North America", "2005-01-23", "Failed", 53),
(37, "Europe", "2000-08-05", "Success", 88),
(38, "Asia", "2013-01-18", "InProgress", 112),
(39, "Africa", "2007-03-12", "Failed", 19),
(40, "South America", "2018-06-28", "Success", 171),
(41, "North America", "2011-10-11", "InProgress", 96),
(42, "Europe", "2002-05-24", "Failed", 69),
(43, "Asia", "2014-08-07", "Success", 134),
(44, "Africa", "2008-11-30", "InProgress", 28),
(45, "South America", "2019-02-14", "Failed", 107),
(46, "North America", "2004-04-06", "Success", 58),
(47, "Europe", "1999-10-20", "InProgress", 82),
(48, "Asia", "2012-03-03", "Failed", 155),
(49, "Africa", "2006-08-17", "Success", 39),
(50, "South America", "2017-12-09", "InProgress", 94),
(51, "North America", "2010-05-22", "Failed", 113),
(52, "Europe", "2001-12-06", "Success", 76),
(53, "Asia", "2014-06-20", "InProgress", 189),
(54, "Africa", "2008-10-01", "Failed", 26),
(55, "South America", "2020-09-15", "Success", 165);

  INSERT INTO army_corps_expenses (id, fecha, cliente, importe, id_army_corps) 
VALUES  
    (1, '2024-02-20', 'Cliente A', 150.00, 1), 
    (2, '2024-02-19', 'Cliente B', 22000, 2), 
    (3, '2024-02-18', 'Cliente C', 18000, 3), 
    (4, '2024-02-17', 'Cliente D', 25000, 4), 
    (5, '2024-02-16', 'Cliente E', 30000, 5), 
    (6, '2024-02-15', 'Cliente F', 27000, 6), 
    (7, '2024-02-14', 'Cliente G', 32000, 7), 
    (8, '2024-02-13', 'Cliente H', 19000, 8), 
    (9, '2024-02-12', 'Cliente I', 28000, 9), 
    (10, '2024-02-11', 'Cliente J', 21000, 10), 
    (11, '2024-02-10', 'Cliente K', 26000, 11), 
    (12, '2024-02-09', 'Cliente L', 23000, 12), 
    (13, '2024-02-08', 'Cliente M', 29000, 13), 
    (14, '2024-02-07', 'Cliente N', 24000, 14), 
    (15, '2024-02-06', 'Cliente O', 31000, 15), 
    (16, '2024-02-05', 'Cliente P', 20000, 16), 
    (17, '2024-02-04', 'Cliente Q', 33000, 17), 
    (18, '2024-02-03', 'Cliente R', 17000, 18), 
    (19, '2024-02-02', 'Cliente S', 34000, 19), 
    (20, '2024-02-01', 'Cliente T', 25000, 20);


    INSERT INTO contact (ID_CONTACT, Id_Soldier, FAMILY_NAME, CONTACT_NUMBER, RELATIONSHIP) VALUES  
    (1, 23, "Carol", 1123456655, "Girlfriend"), 
    (2, 2, "Susan", 123445623, "Mother"),
    (3, 44, "George", 124422211, "Grandfather"),
    (4, 15, 'Johnson', 5551234567, 'Brother'),
    (5, 8, 'Williams', 5559876543, 'Father'),
    (6, 3, 'Davis', 5558765432, 'Uncle'),
    (7, 12, 'Miller', 5552345678, 'Cousin'),
    (8, 20, 'Taylor', 5553456789, 'Friend'),
    (9, 5, 'Anderson', 5556543210, 'Aunt'),
    (10, 17, 'Thomas', 5557654321, 'Sister'),
    (11, 10, 'Moore', 5558765432, 'Mother'),
    (12, 1, 'Jackson', 5559876543, 'Brother'),
    (13, 19, 'White', 5550987654, 'Grandmother'),
    (14, 14, 'Harris', 5555678901, 'Friend'),
    (15, 22, 'Martin', 5554567890, 'Father'),
    (16, 9, 'Thompson', 5553456789, 'Sister'),
    (17, 6, 'Garcia', 5556543210, 'Mother'),
    (18, 11, 'Martinez', 5555432109, 'Cousin'),
    (19, 7, 'Robinson', 5554321098, 'Brother'),
    (20, 24, 'Clark', 5553210987, 'Friend'),
    (21, 16, 'Rodriguez', 5552109876, 'Uncle'),
    (22, 21, 'Lewis', 5551098765, 'Father'),
    (23, 4, 'Lee', 5556789012, 'Mother'),
    (24, 18, 'Walker', 5557890123, 'Grandfather'),
    (25, 13, 'Hall', 5558901234, 'Friend'),
    (26, 2, 'Allen', 5550987654, 'Brother'),
    (27, 23, 'Young', 5559876543, 'Sister'),
    (28, 15, 'Hernandez', 5558765432, 'Mother'),
    (29, 8, 'King', 5557654321, 'Father'),
    (30, 3, 'Wright', 5556543210, 'Cousin'),
    (31, 12, 'Lopez', 5555432109, 'Friend'),
    (32, 20, 'Hill', 5554321098, 'Brother'),
    (33, 5, 'Scott', 5553210987, 'Grandfather'),
    (34, 17, 'Green', 5552109876, 'Friend'),
    (35, 10, 'Adams', 5551098765, 'Sister'),
    (36, 1, 'Baker', 5556789012, 'Mother'),
    (37, 19, 'Nelson', 5557890123, 'Father'),
    (38, 14, 'Carter', 5558901234, 'Uncle'),
    (39, 22, 'Mitchell', 5559012345, 'Cousin'),
    (40, 9, 'Perez', 5550123456, 'Friend');

    
